0,90s Alternative Radio
1,Alice In Chains Radio
2,Appalachian Spring: Doppio movimento Radio
3,Blues Guitar Legends Radio
4,Bossa Nova Radio
5,Chase & Status Radio
6,Children - 4 Clubbers Radio
7,Classic Country Radio
8,Classic Rock Radio
9,Classical Americana
10,Classical for Studying Radio
11,Classical Guitar Radio
12,Classical Solo Piano Radio
13,CREED RADIO
14,Daft Punk Radio
15,Dave Brubeck Radio
16,Drum & Bass Radio
17,Euro Beats Radio
18,Funk Radio
19,Hipster Cocktail Party Radio
20,Instrumental Dance Radio
21,James Brown Radio
22,JAZZ FRUITS MUSIC RADIO
23,Lofi Chill Radio
24,Lofi House Radio
25,Lowrider Oldies Radio
26,Memphis Soul Radio
27,Morning Classic Rock Radio
28,QuickMix
29,Skate Rock Radio
30,Smooth Jazz Christmas Radio
31,Smooth Jazz Instrumentals Radio
32,Steely Dan Radio
33,Strobe Radio
34,Surf Rock Radio
35,Symphonic Radio
36,Yacht Rock Radio
